STATE,COUNTY,MONTH,DAY,HOUR,MINUTE,VE_TOTAL,PERSONS,PEDS,NHS,ROAD_FNC,ROUTE,SP_JUR,HARM_EV,MAN_COLL,REL_JUNC,REL_ROAD,TRAF_FLO,NO_LANES,SP_LIMIT,ALIGNMNT,PROFILE,PAVE_TYP,SUR_COND,TRA_CONT,T_CONT_F,HIT_RUN,LGT_COND,WEATHER,C_M_ZONE,NOT_HOUR,NOT_MIN,ARR_HOUR,ARR_MIN,HOSP_HR,HOSP_MN,SCH_BUS,CF1,CF2,CF3,FATALS,DAY_WEEK,DRUNK_DR,ST_CASE,CITY,MILEPT,YEAR,TWAY_ID,TWAY_ID2,RAIL,VE_FORMS,latitude,longitud
6,65,4,27,22,30,2,3,0,0,15,6,0,12,5,2,1,1,4,99,1,1,2,1,3,3,0,3,1,0,99,99,99,99,99,99,0,0,0,0,1,4,1,60910,3070,0,2005,INDIANA AVE,FILLMORE ST,0000000,2,33.89303611,-117.4785278